ticker,model,n_train,n_test,price_r2,return_r2,price_mae,hit_rate
AAPL,RF,215,56,0.6737433477993069,-1.3915336951780906,12.539106421491226,0.4642857142857143
AAPL,XGB,215,56,0.7522019896443003,-0.8539611470548238,10.662637983049663,0.5178571428571429
AAPL,LGB,215,56,0.27821561768319225,-3.78705996200613,18.537963421115798,0.5535714285714286
AMAT,RF,224,56,0.47860608015237627,-5.865922246856509,28.21995998908711,0.5714285714285714
AMAT,XGB,224,56,0.28344446707409365,-8.494621890134066,33.662088939121794,0.5357142857142857
AMAT,LGB,224,56,0.31550087445300123,-8.042250343778372,32.36220642847006,0.5892857142857143
AMD,RF,224,56,0.6769624196671641,-3.0297004338977978,20.04557243346101,0.625
AMD,XGB,224,56,0.5390073989884943,-4.786292772845193,24.758862222943986,0.5714285714285714
AMD,LGB,224,56,0.4839821557512405,-5.350255298936694,25.708907441647877,0.6071428571428571
AMZN,RF,223,56,0.6125148648987406,-0.16418872234520565,8.38463277049909,0.5357142857142857
AMZN,XGB,223,56,0.3973756884219932,-0.7430053083362775,10.7471558707101,0.5178571428571429
AMZN,LGB,223,56,-0.7899111968408503,-3.887135113331687,18.67208585444103,0.6071428571428571
APLD,RF,71,56,-0.7012040920052081,-11.409378662681101,10.22797741587389,0.5178571428571429
APLD,XGB,71,56,-0.7684056562309005,-11.86170247862853,10.438484924180168,0.5
APLD,LGB,71,56,-0.8540082308452797,-12.639945157217316,10.69858362301531,0.5892857142857143
AVGO,RF,223,56,-1.0852913132065334,-24.00642323274171,76.23861721822178,0.5178571428571429
AVGO,XGB,223,56,-1.0233864817955665,-24.029311012344618,76.93169348580497,0.48214285714285715
AVGO,LGB,223,56,-2.7113291633359466,-45.857981413442396,107.7827125761056,0.5
BBAI,RF,38,53,0.456365030959047,-1.4957927679645815,0.8955496969013103,0.660377358490566
BBAI,XGB,38,53,0.5738348376424939,-1.1516340912057608,0.8036348774748029,0.5094339622641509
BBAI,LGB,38,53,-2.6041586349756884,-10.325140809143592,2.5388132996667943,0.660377358490566
COIN,RF,162,56,0.8005496339684373,-0.38820593961619276,20.494683444128505,0.625
COIN,XGB,162,56,0.7453738481230345,-0.9993416638003088,24.18005207606725,0.5535714285714286
COIN,LGB,162,56,0.6610693997775524,-1.1881459217672359,28.811492418971167,0.6071428571428571
DELL,RF,120,56,0.6556362682085981,-1.688368477275322,9.305826629829848,0.5535714285714286
DELL,XGB,120,56,0.5555392311615697,-2.079911430300559,10.660175051007952,0.5178571428571429
DELL,LGB,120,56,0.5119408180437861,-2.1747962288193343,11.200660509833247,0.5357142857142857
GME,RF,220,55,0.628074100404522,0.030277336025464008,1.111189257417649,0.5818181818181818
GME,XGB,220,55,0.022633361521873008,-2.0577481816915517,1.9175366835160685,0.509090909090909
GME,LGB,220,55,0.22541527504451686,-1.0536892165753016,1.711001179933115,0.6181818181818182
GOOGL,RF,224,56,-0.4469874086986647,-34.75069525224811,53.05182508333894,0.4642857142857143
GOOGL,XGB,224,56,-0.4223434382662197,-34.164057722089375,52.80893680027553,0.48214285714285715
GOOGL,LGB,224,56,-0.6707351878388572,-41.14175194984798,58.95966436197942,0.5178571428571429
INTC,RF,224,56,0.9391505482990415,-0.08920425557711598,1.8585997922407012,0.5178571428571429
INTC,XGB,224,56,0.9342143835977605,-0.08296781472259296,1.9736296449388775,0.5892857142857143
INTC,LGB,224,56,0.9219436219897863,-0.5856526955200596,2.2192994545031284,0.6785714285714286
IONQ,RF,87,56,0.38370692127525685,-1.0173037155926932,7.162128368786391,0.5892857142857143
IONQ,XGB,87,56,0.3639350615036687,-1.3199714065534796,7.4437006030763895,0.5714285714285714
IONQ,LGB,87,56,-0.6906434661762724,-4.289368217249304,13.019690654504034,0.6071428571428571
LRCX,RF,224,53,-0.14238843135026258,-22.14206000053628,37.946202740079805,0.5660377358490566
LRCX,XGB,224,53,-0.3535278718981014,-26.986948036739378,42.08992659370854,0.4528301886792453
LRCX,LGB,224,53,-0.26437787067795115,-24.8957730809665,40.41590992001363,0.49056603773584906
META,RF,118,53,-0.9358284603336922,-6.032033557687,75.58761862256789,0.6226415094339622
META,XGB,118,53,-1.0419717305952108,-6.4214709497116536,77.2407681447155,0.5849056603773585
META,LGB,118,53,-1.9582417396296368,-10.06425704495074,101.17403764420436,0.6037735849056604
MSFT,RF,223,56,0.35332852745425536,-4.505474904256903,34.688429915915165,0.42857142857142855
MSFT,XGB,223,56,0.29159309270408107,-4.886134104009038,35.78513826642718,0.4642857142857143
MSFT,LGB,223,56,0.04530825386517068,-6.868701393388787,41.58209875614865,0.48214285714285715
NFLX,RF,224,55,-1.1922203214900216,-9.899091263392199,17.467679690274277,0.5272727272727272
NFLX,XGB,224,55,-1.116192954668541,-9.498146647280548,16.99867137562145,0.509090909090909
NFLX,LGB,224,55,-2.6883658385749807,-17.280464452349776,23.36643017014548,0.5272727272727272
NVDA,RF,223,56,-0.2907915871102691,-8.928367835762545,27.625910792880568,0.5892857142857143
NVDA,XGB,223,56,-0.3980820393988951,-9.816305363052265,28.903564044407435,0.5357142857142857
NVDA,LGB,223,56,-0.4993987440959906,-10.610508308211493,29.84148581457982,0.625
PLTR,RF,185,56,-3.2626170016457285,-23.73006445309132,65.5230640443166,0.5535714285714286
PLTR,XGB,185,56,-3.4367057691258234,-24.542392710337488,66.52404390062604,0.5357142857142857
PLTR,LGB,185,56,-6.544765914121314,-44.340759754466674,88.89255731670262,0.5
QCOM,RF,223,56,0.6380702353415872,-0.40830022470165006,5.938268687549626,0.6071428571428571
QCOM,XGB,223,56,0.6812830259775269,-0.22515525170317963,6.051003456115723,0.5357142857142857
QCOM,LGB,223,56,0.3381758280715036,-1.3838181808078565,8.229209155226426,0.5
QS,RF,178,51,0.7625972646150665,-7.782482481143774,1.42769608291168,0.5686274509803921
QS,XGB,178,51,0.7041200070329001,-11.63818285516343,1.6125085213605095,0.6078431372549019
QS,LGB,178,51,0.7085449856198895,-6.191987605516544,1.7116081891536816,0.5686274509803921
RBLX,RF,167,56,0.8172767441337894,-1.3822457366855634,8.646004047329644,0.5535714285714286
RBLX,XGB,167,56,0.5494770313731119,-4.234161520545757,13.603518690381732,0.5357142857142857
RBLX,LGB,167,56,0.2781793675243299,-6.320555059478671,16.107780601376877,0.5535714285714286
RKLB,RF,74,56,-0.8963703776589054,-18.635090273997285,21.510541211423412,0.5892857142857143
RKLB,XGB,74,56,-0.8966585921014893,-18.298807246889314,21.208312886101858,0.6428571428571429
RKLB,LGB,74,56,-1.6269125433535052,-28.300196906896183,26.516748958508185,0.5892857142857143
SMCI,RF,100,56,0.5443570434479376,-0.3179907368624968,4.389273611500465,0.5178571428571429
SMCI,XGB,100,56,0.5775710158151963,-0.42985723256466635,3.794572319303241,0.6785714285714286
SMCI,LGB,100,56,0.28815776294941453,-1.0829348422046086,5.681041119690148,0.5178571428571429
SMR,RF,44,56,0.4342438738874147,-2.6977802291297412,6.46203503637087,0.5
SMR,XGB,44,56,0.5230832737977307,-2.1657215858645946,5.949103440557208,0.4642857142857143
SMR,LGB,44,56,-0.24892055188392592,-8.044383618633008,9.67318325399614,0.5357142857142857
SOUN,RF,71,56,-1.3949015397876634,-13.12092879973434,4.518519296702885,0.42857142857142855
SOUN,XGB,71,56,-0.46177041717747436,-7.9012424419737215,3.2132116726466586,0.5
SOUN,LGB,71,56,-1.1543116263450033,-11.193062286615344,3.7806131529149445,0.5892857142857143
TLRY,RF,161,18,-8.892768096280832,-38.15149815022111,8.458645106557064,0.3888888888888889
TLRY,XGB,161,18,-10.713236349910014,-40.73478715783491,9.28932163450453,0.3888888888888889
TLRY,LGB,161,18,-18.344314550041965,-74.64384849680226,11.211977936729825,0.3333333333333333
TSLA,RF,223,56,0.8446207577194556,-0.26373176970734025,21.278801397068428,0.6428571428571429
TSLA,XGB,223,56,0.7934063529838963,-0.6795065299647569,24.487358093261726,0.5535714285714286
TSLA,LGB,223,56,0.41713799373132976,-2.6440086150972535,41.12163762049439,0.5357142857142857
TSM,RF,224,56,-0.799023785266507,-28.644984364485232,62.1730722026221,0.5
TSM,XGB,224,56,-0.8569686160141636,-29.861625747308302,63.831961495535715,0.5
TSM,LGB,224,56,-1.0361025160311383,-33.01247345879351,67.52348105865951,0.5178571428571429
UUUU,RF,34,44,-0.49788964273693814,-13.066774160756172,5.5116067764795185,0.4772727272727273
UUUU,XGB,34,44,-0.5045900861938453,-13.351926936978995,5.537496442144567,0.5227272727272727
UUUU,LGB,34,44,-1.568714065206978,-26.18689132635604,7.730467932899227,0.5
